feature,importance
G2,0.3346621165920828
G1,0.19831771479558508
absences,0.04357291485637819
goout,0.028326113169499054
health,0.02564526506214186
Medu,0.024515376021834703
failures,0.02438975070461784
Walc,0.02403783082612594
Fjob,0.023487932087324963
age,0.02193391743708747
Mjob,0.021846594424632073
studytime,0.020116048981660462
Fedu,0.019281646140308046
reason,0.018167224882946635
freetime,0.01812132601117085
famrel,0.017859294892318998
Dalc,0.017040649790892932
schoolsup,0.014077268058200483
traveltime,0.011810914868509817
sex,0.010353468893968603
guardian,0.009487482226243833
activities,0.009261774374315695
romantic,0.009177904566644076
famsize,0.008396536114917898
paid,0.00817782709962264
address,0.008119147885101792
famsup,0.007241031061220561
internet,0.007173168079335251
nursery,0.004966264314567162
Pstatus,0.003939401763415991
higher,0.0033979675123761615
school,0.0030981265049522034
